{
  "spec/models/events/wizard_spec.rb": 0.19586399989202619,
  "spec/requests/mailing_list/steps_controller_spec.rb": 25.426131000043824,
  "spec/features/book_callback_spec.rb": 45.07922800001688,
  "spec/features/mailing_list_wizard_spec.rb": 135.32897000014782,
  "spec/helpers/welcome_helper_spec.rb": 0.04864699998870492,
  "spec/presenters/content/component_injector_spec.rb": 0.002635000040754676,
  "spec/lib/asset_checker_spec.rb": 0.017894000047817826,
  "spec/models/events/steps/further_details_spec.rb": 0.017319999868050218,
  "spec/features/internal_spec.rb": 44.908127000089735,
  "spec/components/header/extra_navigation_component_spec.rb": 0.007622000062838197,
  "spec/models/search_spec.rb": 0.19758500019088387,
  "spec/components/text_block_with_one_image_component_spec.rb": 0.4643320001196116,
  "spec/components/footer/mailing_list_component_spec.rb": 0.0029609999619424343,
  "spec/components/events/desktop_signup_info_component_spec.rb": 0.0011229999363422394,
  "spec/features/event_wizard_spec.rb": 69.65247599990107,
  "spec/models/pages/navigation_spec.rb": 1.0636559999547899,
  "spec/requests/circuit_breaker_spec.rb": 0.11149300006218255,
  "spec/components/content/campaign_hero_component_spec.rb": 0.8000409998930991,
  "spec/components/content/hero_component_spec.rb": 1.2364550000056624,
  "spec/requests/pagespeed_spec.rb": 0.02656799997203052,
  "spec/lib/error_title_spec.rb": 0.002870999975129962,
  "spec/features/breadcrumbs_spec.rb": 25.10034399991855,
  "spec/models/callbacks/steps/callback_spec.rb": 0.038434999994933605,
  "spec/components/categories/card_component_spec.rb": 0.012767000123858452,
  "spec/lib/template_handlers/markdown_spec.rb": 0.542676999932155,
  "spec/models/events/steps/personal_details_spec.rb": 0.008598000044003129,
  "spec/models/concerns/api_model_convertible_spec.rb": 0.007914999965578318,
  "spec/requests/image_file_sizes_spec.rb": 0.00506999995559454,
  "spec/requests/internal_controller_spec.rb": 2.474932999815792,
  "spec/models/option_set_spec.rb": 0.011265999870374799,
  "spec/models/mailing_list/steps/already_qualified_spec.rb": 0.0031040001194924116,
  "spec/components/grouped_cards/card_component_spec.rb": 0.012504999991506338,
  "spec/components/calls_to_action/simple_component_spec.rb": 1.3699739999137819,
  "spec/lib/external_links_spec.rb": 0.0033480001147836447,
  "spec/requests/pages_controller_spec.rb": 10.722055000020191,
  "spec/helpers/text_formatting_helper_spec.rb": 0.010538999922573566,
  "spec/components/header/navigation_component_spec.rb": 0.005754000041633844,
  "spec/models/internal/event_building_spec.rb": 0.02670600009150803,
  "spec/requests/image_sizes_spec.rb": 1.6992580001242459,
  "spec/views/erb_implementation_check_spec.rb": 2.048337999964133,
  "spec/requests/searches_controller_spec.rb": 15.931926000164822,
  "spec/requests/frontmatter_content_spec.rb": 15.110722000012174,
  "spec/components/header/logo_component_spec.rb": 0.21695700008422136,
  "spec/models/pages/data_spec.rb": 0.005386000033468008,
  "spec/components/teaching_events/event_component_spec.rb": 2.3868700000457466,
  "spec/components/content/feature_table_component_spec.rb": 0.014818000141531229,
  "spec/lib/lazy_load_images_spec.rb": 0.0023560000117868185,
  "spec/components/content/heading_component_spec.rb": 0.013888000044971704,
  "spec/lib/basic_auth_spec.rb": 0.013045999919995666,
  "spec/helpers/content_helper_spec.rb": 0.00559299997985363,
  "spec/requests/sitemap_controller_spec.rb": 0.26518700015731156,
  "spec/requests/healthchecks_controller_spec.rb": 0.034891999792307615,
  "spec/models/events/steps/personalised_updates_spec.rb": 0.6141270000953227,
  "spec/features/funding_widget_spec.rb": 16.56070699985139,
  "spec/models/event_region_spec.rb": 0.0035239998251199722,
  "spec/models/mailing_list/steps/postcode_spec.rb": 0.012039999943226576,
  "spec/components/content/inset_text_component_spec.rb": 0.014780999859794974,
  "spec/components/content/mailing_list_component_spec.rb": 0.04842799995094538,
  "spec/components/chat_component_spec.rb": 0.012729000067338347,
  "spec/helpers/teaching_events_helper_spec.rb": 0.01974400016479194,
  "spec/features/search_spec.rb": 3.5187350001651794,
  "spec/models/pages/page_spec.rb": 0.05236299987882376,
  "spec/models/healthcheck_spec.rb": 0.1331030000001192,
  "spec/views/erb_safety_check_spec.rb": 3.9485359999816865,
  "spec/features/view_pages_spec.rb": 2.7146589998155832,
  "spec/requests/fake_browser_time_spec.rb": 8.572253999998793,
  "spec/components/service_unavailable_component_spec.rb": 0.002242000075057149,
  "spec/requests/structured_data_spec.rb": 19.095823999959975,
  "spec/models/funding_widget_spec.rb": 0.0033549999352544546,
  "spec/requests/gtm_spec.rb": 53.164303000085056,
  "spec/models/events/steps/contact_details_spec.rb": 0.009507999988272786,
  "spec/models/pages/post_spec.rb": 0.0021920001599937677,
  "spec/components/calls_to_action/promo/promo_component_spec.rb": 0.01449299999512732,
  "spec/helpers/maps_helper_spec.rb": 0.007462000008672476,
  "spec/components/content/generic_block_component_spec.rb": 0.7927900000941008,
  "spec/requests/csp_reports_spec.rb": 0.13766800006851554,
  "spec/requests/api_client_request_id_spec.rb": 2.7695410000160336,
  "spec/views/searches/show.html.erb_spec.rb": 0.051820999942719936,
  "spec/models/mailing_list/steps/name_spec.rb": 0.01914099999703467,
  "spec/helpers/searches_helper_spec.rb": 0.005426999880000949,
  "spec/models/mailing_list/steps/already_subscribed_spec.rb": 0.003056999994441867,
  "spec/validators/number_of_words_validator_spec.rb": 0.0024059999268501997,
  "spec/components/header/breadcrumb_component_spec.rb": 0.008215999929234385,
  "spec/components/header_component_spec.rb": 1.385943999979645,
  "spec/features/chat_spec.rb": 12.332227000035346,
  "spec/requests/robots_controller_spec.rb": 0.01702199992723763,
  "spec/requests/next_gen_images_spec.rb": 2.7440260001458228,
  "spec/validators/postcode_validator_spec.rb": 0.01584699982777238,
  "spec/features/blog_spec.rb": 19.9735459999647,
  "spec/requests/basic_auth_spec.rb": 5.637969000032172,
  "spec/lib/next_gen_images_spec.rb": 0.010563999880105257,
  "spec/components/footer/cookie_acceptance_component_spec.rb": 0.348602999933064,
  "spec/requests/callbacks/steps_controller_spec.rb": 20.475066000130028,
  "spec/requests/beta_redirect_spec.rb": 0.0017170000355690718,
  "spec/models/callbacks/steps/matchback_failed_spec.rb": 0.004760999931022525,
  "spec/components/content/quote_component_spec.rb": 0.026861000107601285,
  "spec/components/events/event_box_component_spec.rb": 0.05363400001078844,
  "spec/helpers/blog_helper_spec.rb": 0.007158999796956778,
  "spec/requests/client_metrics_spec.rb": 0.02766899997368455,
  "spec/lib/rack/deflater_with_exclusions_spec.rb": 0.0021689999848604202,
  "spec/helpers/navigation_helper_spec.rb": 0.00204299995675683,
  "spec/components/content/accordion_component_spec.rb": 0.02041499991901219,
  "spec/helpers/events_helper_spec.rb": 0.05993700004182756,
  "spec/requests/event_steps_controller_spec.rb": 25.660883999895304,
  "spec/validators/telephone_validator_spec.rb": 0.016058000037446618,
  "spec/components/footer_component_spec.rb": 5.228037000168115,
  "spec/components/arrow_component_spec.rb": 0.002316000172868371,
  "spec/components/footer/talk_to_us_component_spec.rb": 0.004835000028833747,
  "spec/features/content_pages_spec.rb": 203.3691070000641,
  "spec/requests/instrumentation_spec.rb": 9.647592999972403,
  "spec/models/event_type_spec.rb": 0.020915000000968575,
  "spec/helpers/session_helper_spec.rb": 0.004628000082448125,
  "spec/features/teaching_events/listing_and_searching_spec.rb": 68.8490790000651,
  "spec/helpers/application_helper_spec.rb": 0.057880999986082315,
  "spec/helpers/image_helper_spec.rb": 0.001373999984934926,
  "spec/models/callbacks/wizard_spec.rb": 0.04628199990838766,
  "spec/requests/external_links_spec.rb": 1.8185560000129044,