{
  "spec/components/content/generic_block_component_spec.rb": 0.07580399978905916,
  "spec/models/teacher_training_adviser/steps/review_answers_spec.rb": 0.021341999992728233,
  "spec/models/concerns/api_model_convertible_spec.rb": 0.014652000041678548,
  "spec/components/home/mailing_list_component_spec.rb": 0.09895400004461408,
  "spec/models/mailing_list/steps/postcode_spec.rb": 0.02350099990144372,
  "spec/requests/circuit_breaker_spec.rb": 0.45705800014548004,
  "spec/requests/structured_data_spec.rb": 2.401926999911666,
  "spec/components/single_question_survey_component_spec.rb": 0.015786000061780214,
  "spec/requests/pagespeed_spec.rb": 0.04438800015486777,
  "spec/requests/event_steps_controller_spec.rb": 2.8910380001179874,
  "spec/components/header/navigation_component_spec.rb": 0.01436399994418025,
  "spec/models/healthcheck_spec.rb": 0.08748500002548099,
  "spec/models/search_spec.rb": 0.4206360001116991,
  "spec/features/view_pages_spec.rb": 0.21376800001598895,
  "spec/helpers/navigation_helper_spec.rb": 0.005659000016748905,
  "spec/models/teacher_training_adviser/steps/uk_callback_spec.rb": 0.057493999833241105,
  "spec/components/content/inset_text_component_spec.rb": 0.023243000032380223,
  "spec/models/crm/option_set_spec.rb": 0.03179699997417629,
  "spec/components/content/image_component_spec.rb": 0.0074350000359117985,
  "spec/components/content/quote_list_component_spec.rb": 0.021538000088185072,
  "spec/features/internal_spec.rb": 4.401393000036478,
  "spec/models/events/wizard_spec.rb": 0.03886700002476573,
  "spec/features/teacher_training_adviser/feedback_spec.rb": 0.26426199986599386,
  "spec/components/calls_to_action/simple_component_spec.rb": 0.0589349998626858,
  "spec/components/content/photo_quote_list_component_spec.rb": 0.04824999999254942,
  "spec/models/feedback_search_spec.rb": 0.1727680000476539,
  "spec/features/chat_spec.rb": 2.9132469999603927,
  "spec/lib/basic_auth_spec.rb": 0.0370809999294579,
  "spec/components/calls_to_action/homepage_component_spec.rb": 0.07038199994713068,
  "spec/components/teaching_events/event_component_spec.rb": 0.1976739999372512,
  "spec/components/grouped_cards/card_component_spec.rb": 0.031952999997884035,
  "spec/requests/teacher_training_adviser/review_answers_spec.rb": 0.27096399990841746,
  "spec/models/pages/post_spec.rb": 0.005506000015884638,
  "spec/models/pages/page_spec.rb": 0.10178100015036762,
  "spec/lib/attribute_filter_spec.rb": 0.007081999909132719,
  "spec/features/book_callback_spec.rb": 5.511440000031143,
  "spec/models/callbacks/steps/callback_spec.rb": 0.044575999956578016,
  "spec/models/pages/data_spec.rb": 0.011391999898478389,
  "spec/models/teaching_events/search_spec.rb": 0.13448399980552495,
  "spec/models/teacher_training_adviser/steps/qualification_required_spec.rb": 0.04011900001205504,
  "spec/models/callbacks/steps/talking_points_spec.rb": 0.01925799995660782,
  "spec/requests/instrumentation_spec.rb": 1.0981749999336898,
  "spec/helpers/welcome_content_helper_spec.rb": 0.18052799999713898,
  "spec/features/teaching_events/viewing_spec.rb": 3.6910830000415444,
  "spec/lib/accessible_footnotes_spec.rb": 0.00905100000090897,
  "spec/models/teacher_training_adviser/steps/stage_taught_spec.rb": 0.05826600012369454,
  "spec/lib/asset_checker_spec.rb": 0.02163300011307001,
  "spec/wizard_pipelines/feedback/wizard_spec.rb": 0.0020550000481307507,
  "spec/models/funding_widget_spec.rb": 0.007833000039681792,
  "spec/requests/teacher_training_adviser/feedback_spec.rb": 3.379175999900326,
  "spec/helpers/content_helper_spec.rb": 0.01857500011101365,
  "spec/models/teacher_training_adviser/steps/retake_gcse_maths_english_spec.rb": 0.05613899999298155,
  "spec/helpers/maps_helper_spec.rb": 0.022618000162765384,
  "spec/helpers/structured_data_helper_spec.rb": 0.20897900010459125,
  "spec/helpers/searches_helper_spec.rb": 0.02037599985487759,
  "spec/lib/lazy_load_images_spec.rb": 0.0065750000067055225,
  "spec/components/content/checklist_collage_component_spec.rb": 0.057846999960020185,
  "spec/models/teacher_training_adviser/steps/subject_taught_spec.rb": 0.052549999905750155,
  "spec/models/concerns/encrypted_attributes_spec.rb": 0.04286699998192489,
  "spec/models/pages/navigation_spec.rb": 2.420363000128418,
  "spec/helpers/session_helper_spec.rb": 0.018268000101670623,
  "spec/components/arrow_component_spec.rb": 0.011187999974936247,
  "spec/models/crm/event_status_spec.rb": 0.09359699999913573,
  "spec/requests/frontmatter_content_spec.rb": 1.6515530000906438,
  "spec/lib/page_speed_score_spec.rb": 0.028840999817475677,
  "spec/features/blog_spec.rb": 2.8592710001394153,
  "spec/requests/sitemap_controller_spec.rb": 0.27359000011347234,
  "spec/presenters/content/component_injector_spec.rb": 0.006626000162214041,
  "spec/models/teacher_training_adviser/steps/uk_or_overseas_spec.rb": 0.05763699999079108,
  "spec/models/mailing_list/steps/subject_spec.rb": 0.08902299986220896,
  "spec/helpers/events_helper_spec.rb": 0.1970360002014786,
  "spec/lib/template_handlers/markdown_spec.rb": 0.9348769998177886,
  "spec/requests/rate_limiting_spec.rb": 25.396746000042185,
  "spec/models/teacher_training_adviser/wizard_spec.rb": 0.17902599996887147,
  "spec/components/text_block_with_two_images_component_spec.rb": 0.03210800001397729,
  "spec/requests/accessible_footnotes_spec.rb": 0.2129820000845939,
  "spec/requests/canonical_urls_spec.rb": 0.8956530001014471,
  "spec/components/events/mobile_signup_info_component_spec.rb": 0.008794000139459968,
  "spec/helpers/application_helper_spec.rb": 0.18188200006261468,
  "spec/lib/cloud_front_ip_filter_spec.rb": 0.1840500000398606,
  "spec/requests/redirects_spec.rb": 18.6659520000685,
  "spec/requests/privacy_policy_spec.rb": 0.8181430001277477,
  "spec/helpers/callback_helper_spec.rb": 0.03206499991938472,
  "spec/components/service_unavailable_component_spec.rb": 0.003456000005826354,
  "spec/requests/gtm_spec.rb": 5.418026000028476,
  "spec/models/mailing_list/steps/teacher_training_spec.rb": 0.03362899995408952,
  "spec/components/events/desktop_signup_info_component_spec.rb": 0.002987000159919262,
  "spec/lib/rack/deflater_with_exclusions_spec.rb": 0.006416999967768788,
  "spec/components/content/adviser_component_spec.rb": 0.1365070000756532,
  "spec/components/footer/feedback_component_spec.rb": 0.00738699990324676,
  "spec/components/footer/talk_to_us_component_spec.rb": 0.006591999903321266,
  "spec/models/teacher_training_adviser/steps/stage_of_degree_spec.rb": 0.05328000010922551,
  "spec/models/pages/frontmatter_spec.rb": 0.2387029998935759,
  "spec/components/header/extra_navigation_component_spec.rb": 0.013149000005796552,
  "spec/models/teacher_training_adviser/steps/overseas_time_zone_spec.rb": 0.5991309999953955,
  "spec/requests/fake_browser_time_spec.rb": 0.6424080000724643,
  "spec/models/internal/event_building_spec.rb": 0.09962400002405047,
  "spec/models/teacher_training_adviser/steps/subject_like_to_teach_spec.rb": 0.09020400000736117,
  "spec/models/user_feedback_spec.rb": 0.1460849998984486,
  "spec/models/callbacks/wizard_spec.rb": 0.039748999988660216,
  "spec/components/categories/card_component_spec.rb": 0.022316999966278672,
  "spec/components/header/breadcrumb_component_spec.rb": 0.017844000132754445,
  "spec/requests/callbacks/steps_controller_spec.rb": 2.315223000012338,
  "spec/components/content/steps_component_spec.rb": 0.03344899998046458,
  "spec/views/erb_safety_check_spec.rb": 18.206187000032514,
  "spec/controllers/errors_controller_spec.rb": 0.054776000091806054,
  "spec/models/crm/event_region_spec.rb": 0.005530999973416328,
  "spec/components/grouped_cards/listing_component_spec.rb": 0.030916000017896295,
  "spec/requests/api_client_request_id_spec.rb": 0.19791000010445714,
  "spec/helpers/teaching_events_helper_spec.rb": 0.04459799989126623,
  "spec/helpers/option_set_helper_spec.rb": 0.005421000067144632,